,0,1,2,3,4,5,6,7,8,9,10,11,12,13,14,15,16,17,18,19,20,21,22,23,24,25,26,27,28,29,30,31,32,33,34,35,36,37,38,39,40,41,42,43,44,45,46,47,48,49,50,51,52,53,54,55,56,57,58,59,60,61,62,63,64,65,66,67,68,69,70,71,72,73,74
30,-0.1008,0.003605,4.0859,-0.10416,0.27673,3.9729,-0.11229,0.54504,3.85,-0.062961,0.62885,3.8456,-0.17294,0.40508,3.7997,-0.15886,0.16789,3.8037,-0.085316,0.0049282,3.8585,-0.077558,-0.047852,3.8897,0.0027416,0.4533,3.9894,0.071154,0.42315,4.135,0.11187,0.54244,3.9185,0.14279,0.53892,3.8606,-0.13754,-0.0091131,3.9879,-0.13033,-0.2438,4.1465,-0.16509,-0.55932,4.3132,-0.092758,-0.62031,4.2437,-0.062714,0.023299,4.1119,0.0086685,-0.27153,4.0565,-0.01507,-0.5389,4.3506,-0.11475,-0.59783,4.3284,-0.11103,0.47909,3.8832,-0.044004,-0.11015,3.9268,-0.056512,-0.019787,3.8637,0.15952,0.5428,3.8303,0.12145,0.58334,3.8733
31,-0.10042,0.008866,4.0875,-0.10457,0.27877,3.9724,-0.11227,0.54598,3.8472,-0.061953,0.62922,3.8431,-0.17342,0.40471,3.7992,-0.15812,0.16316,3.8068,-0.070058,-0.031662,3.8725,-0.065149,-0.077901,3.911,0.0027575,0.45424,3.9865,0.067422,0.42489,4.1338,0.10992,0.53584,3.913,0.13086,0.54906,3.8552,-0.13769,-0.0076271,3.9875,-0.12813,-0.24937,4.1529,-0.16507,-0.55939,4.3137,-0.093246,-0.62071,4.2439,-0.06117,0.030593,4.1189,-0.13664,-0.24352,3.9748,-0.10598,-0.49919,4.2782,-0.034598,-0.56094,4.2082,-0.11098,0.48016,3.8811,-0.041369,-0.12014,3.9451,-0.041727,-0.064737,3.8926,0.13377,0.55999,3.8219,0.10904,0.5884,3.8626
32,-0.10052,0.012118,4.0887,-0.10533,0.28056,3.9729,-0.11258,0.54631,3.8471,-0.059864,0.6304,3.8411,-0.17329,0.4046,3.7992,-0.1596,0.16966,3.8068,-0.068444,-0.031492,3.8746,-0.063236,-0.079485,3.9197,0.021672,0.46216,4.1125,0.1428,0.36968,4.1918,0.12617,0.4895,3.9721,0.12288,0.55364,3.8488,-0.13324,-0.00096758,3.9931,-0.12727,-0.25019,4.1531,-0.15718,-0.59327,4.3356,-0.20629,-0.66042,4.3061,-0.063941,0.031649,4.1179,-0.13446,-0.2447,3.9756,-0.10376,-0.49993,4.2795,-0.14461,-0.5896,4.306,-0.11128,0.48065,3.881,-0.036068,-0.12037,3.9389,-0.043013,-0.05976,3.8885,0.1214,0.5707,3.8156,0.087332,0.59503,3.8666
33,-0.10026,0.014745,4.0897,-0.10455,0.28163,3.9741,-0.11015,0.54585,3.8488,-0.059289,0.62943,3.8398,-0.17341,0.40444,3.7992,-0.16258,0.17634,3.8065,-0.067354,-0.031456,3.8772,-0.065966,-0.07554,3.9185,0.021896,0.4632,4.111,0.14457,0.375,4.1923,0.12817,0.48777,3.9687,0.1113,0.55791,3.8414,-0.13228,0.00036789,3.9918,-0.12722,-0.2509,4.1542,-0.16023,-0.59436,4.3341,-0.22012,-0.65096,4.2866,-0.065439,0.034521,4.122,-0.13181,-0.24132,3.9751,-0.10181,-0.49671,4.2791,-0.020578,-0.55275,4.2219,-0.10932,0.48064,3.8824,-0.052218,-0.10777,3.9381,-0.035834,-0.085695,3.9122,0.11578,0.56578,3.8024,0.078729,0.59898,3.8698
34,-0.099733,0.019158,4.0911,-0.097663,0.2847,3.9966,-0.090342,0.53812,3.9078,-0.067928,0.61278,3.8589,-0.1738,0.40444,3.7997,-0.16352,0.17999,3.8061,-0.068152,-0.027395,3.8779,-0.064312,-0.07641,3.9261,0.034842,0.46139,4.1576,0.12883,0.49914,3.9943,0.11531,0.56181,3.8171,0.1051,0.55835,3.8435,-0.12934,0.0056889,3.9958,-0.12708,-0.25159,4.1546,-0.16053,-0.59436,4.3345,-0.21948,-0.64951,4.279,-0.066685,0.036656,4.121,-0.12996,-0.24094,3.9767,-0.10126,-0.49621,4.2809,-0.018357,-0.55076,4.2258,-0.091442,0.47582,3.9347,-0.040609,-0.12001,3.9467,-0.044805,-0.066342,3.9085,0.10387,0.56684,3.8095,0.078326,0.55819,3.8124
35,-0.098916,0.023145,4.0906,-0.10033,0.2894,3.9841,-0.10831,0.54939,3.8442,-0.061825,0.62611,3.8388,-0.17353,0.4041,3.7993,-0.16019,0.16992,3.8092,-0.066508,-0.031071,3.8802,-0.064768,-0.0819,3.9283,0.017162,0.47256,4.0949,0.18629,0.52378,4.0498,0.11707,0.55011,3.8458,0.10081,0.56039,3.8409,-0.12809,0.0081444,3.9962,-0.12674,-0.25267,4.156,-0.16848,-0.56222,4.3133,-0.087232,-0.61828,4.2556,-0.067105,0.040722,4.1184,-0.12864,-0.2397,3.9799,-0.10104,-0.49803,4.2818,-0.020304,-0.55455,4.224,-0.107,0.4862,3.8785,-0.036256,-0.13541,3.9586,-0.047833,-0.055673,3.8951,0.093344,0.55579,3.8049,0.07896,0.60832,3.8645
36,-0.099961,0.022313,4.0883,-0.10506,0.28806,3.9771,-0.11092,0.54905,3.8438,-0.061315,0.62657,3.8382,-0.17288,0.40269,3.7991,-0.15973,0.16902,3.8097,-0.065404,-0.030171,3.883,-0.071586,-0.078378,3.9278,0.014549,0.47222,4.0945,0.18474,0.52633,4.0659,0.11609,0.5467,3.8403,0.096578,0.55924,3.8381,-0.13037,0.0048214,3.9855,-0.12758,-0.25427,4.1572,-0.16826,-0.56188,4.3134,-0.086538,-0.61756,4.2563,-0.067729,0.040341,4.1184,-0.11629,-0.25485,4.0244,-0.087797,-0.49363,4.3411,-0.1281,-0.59745,4.3363,-0.10946,0.48552,3.8778,-0.03623,-0.11367,3.9556,-0.049222,-0.068083,3.9056,0.098254,0.56451,3.7939,0.071571,0.60278,3.8596
37,-0.10229,0.022456,4.087,-0.10333,0.28192,3.9849,-0.092065,0.52106,3.8951,-0.06608,0.60854,3.8571,-0.17278,0.40247,3.7993,-0.15976,0.16909,3.8099,-0.065956,-0.028341,3.885,-0.071503,-0.076034,3.9282,0.033346,0.44433,4.1457,0.11956,0.54423,4.0095,0.11504,0.54552,3.8202,0.090562,0.5622,3.8373,-0.1327,0.0058164,3.9831,-0.1273,-0.25444,4.1572,-0.16868,-0.5591,4.3137,-0.08614,-0.61411,4.2576,-0.070455,0.039517,4.1188,-0.11559,-0.25605,4.0239,-0.086227,-0.49406,4.3411,-0.1418,-0.5947,4.3099,-0.094388,0.46006,3.9221,-0.047026,-0.11361,3.9536,-0.044527,-0.059067,3.9256,0.094842,0.55956,3.7953,0.1003,0.58241,3.8091
38,-0.10153,0.023397,4.0885,-0.10336,0.2835,3.9829,-0.10812,0.54592,3.8462,-0.055823,0.62466,3.8462,-0.17215,0.40181,3.7994,-0.15955,0.16918,3.8099,-0.066413,-0.028963,3.886,-0.071492,-0.078402,3.9284,0.024236,0.477,4.1007,0.1877,0.53165,4.0361,0.11419,0.54523,3.8354,0.087744,0.56598,3.8318,-0.12855,0.0097666,3.997,-0.12736,-0.25458,4.1573,-0.169,-0.559,4.3134,-0.087803,-0.61527,4.2555,-0.070395,0.039749,4.1178,-0.12075,-0.24001,3.9713,-0.094968,-0.49339,4.2773,-0.014333,-0.55012,4.2193,-0.1066,0.48165,3.8822,-0.047038,-0.12445,3.9546,-0.043254,-0.07537,3.9403,0.081363,0.56265,3.7952,0.11499,0.53496,3.8043
39,-0.10106,0.022711,4.0869,-0.1033,0.28349,3.98,-0.10798,0.54555,3.8466,-0.056566,0.62515,3.8449,-0.17173,0.40112,3.7995,-0.15955,0.16893,3.8101,-0.071926,-0.031781,3.8821,-0.081547,-0.082602,3.9248,0.013885,0.47833,4.087,0.18694,0.52421,4.0745,0.11238,0.54611,3.8349,0.076121,0.57235,3.832,-0.12848,0.0065298,3.9856,-0.12574,-0.24339,4.1437,-0.1709,-0.58874,4.3268,-0.13796,-0.66422,4.3109,-0.070176,0.039409,4.1178,-0.11363,-0.24857,3.9908,-0.089102,-0.49719,4.3007,-0.12495,-0.59322,4.3201,-0.10656,0.48144,3.8822,-0.057782,-0.1243,3.9496,-0.056019,-0.077833,3.9215,-0.0035915,0.6035,3.7794,0.092502,0.55062,3.7838
40,-0.12655,0.015083,4.0438,-0.11311,0.28179,3.9597,-0.10807,0.54523,3.8464,-0.055038,0.62443,3.8456,-0.17148,0.40085,3.7994,-0.16134,0.17288,3.8097,-0.12707,-0.02678,3.8816,-0.10002,-0.073331,3.9169,0.010415,0.47849,4.0813,0.1811,0.52435,4.0933,0.11498,0.54541,3.851,0.072076,0.57726,3.8344,-0.15294,0.0041242,3.9589,-0.12494,-0.25187,4.1556,-0.16835,-0.5741,4.3221,-0.086692,-0.62983,4.2648,-0.093635,0.02621,4.0649,-0.17979,-0.2413,3.9106,-0.12371,-0.46081,4.2373,-0.042375,-0.51733,4.1799,-0.10763,0.48054,3.8801,-0.084849,-0.13517,3.9518,-0.065768,-0.053247,3.8895,-0.0036004,0.58948,3.7884,0.091306,0.54532,3.7908
41,-0.11983,0.022318,4.0609,-0.11253,0.28225,3.9607,-0.10709,0.54385,3.8471,-0.052015,0.62435,3.8463,-0.1679,0.40003,3.799,-0.16046,0.1685,3.81,-0.12733,-0.022043,3.8774,-0.10404,-0.070361,3.9105,0.01042,0.47809,4.0809,0.17676,0.52679,4.1087,0.067947,0.56716,3.8858,0.021569,0.59986,3.8431,-0.15149,0.0049174,3.9597,-0.12527,-0.25269,4.1559,-0.16815,-0.56759,4.3175,-0.086266,-0.62334,4.2609,-0.084427,0.044408,4.11,-0.13508,-0.22846,3.9471,-0.1005,-0.47718,4.2562,-0.019122,-0.53356,4.1995,-0.10727,0.47992,3.8802,-0.093099,-0.13267,3.9576,-0.080297,-0.073711,3.8845,-0.024145,0.58605,3.7664,0.043998,0.58722,3.8167
42,-0.11357,0.031045,4.0755,-0.11235,0.28589,3.9633,-0.10836,0.5445,3.8462,-0.047948,0.62646,3.8469,-0.16765,0.39928,3.7994,-0.16071,0.17245,3.8086,-0.12698,-0.022319,3.8762,-0.10801,-0.075145,3.9111,0.0066715,0.48016,4.077,0.17257,0.52191,4.113,0.06827,0.56578,3.8886,0.0089475,0.59958,3.8301,-0.14694,0.0071879,3.9661,-0.1221,-0.236,4.1416,-0.16822,-0.56437,4.3167,-0.086188,-0.62012,4.2606,-0.080538,0.053611,4.1183,-0.11626,-0.19749,3.9125,-0.095144,-0.47281,4.2007,-0.013653,-0.52915,4.1444,-0.10839,0.4808,3.8795,-0.097359,-0.14044,3.9481,-0.073978,-0.035191,3.8926,-0.034421,0.58419,3.7654,-0.018935,0.58931,3.7545
43,-0.11331,0.031802,4.078,-0.11181,0.28868,3.9645,-0.10815,0.54737,3.8441,-0.046456,0.62929,3.8473,-0.1665,0.39945,3.7985,-0.16048,0.18214,3.8032,-0.12742,-0.02177,3.874,-0.10827,-0.079565,3.9103,0.0063949,0.4841,4.0732,0.16956,0.51949,4.1211,0.069181,0.5647,3.8951,0.007235,0.59999,3.8285,-0.14655,0.0073332,3.9662,-0.12318,-0.24118,4.1462,-0.16804,-0.56382,4.3162,-0.086012,-0.61963,4.2602,-0.080458,0.055873,4.1255,-0.11391,-0.19052,3.9124,-0.093023,-0.46543,4.201,-0.011554,-0.52189,4.1449,-0.10836,0.48348,3.8779,-0.090178,-0.14228,3.9492,-0.082426,-0.054065,3.881,-0.034398,0.59071,3.7634,0.034045,0.59365,3.8068
44,-0.11302,0.030387,4.0781,-0.11118,0.28708,3.9659,-0.10739,0.54322,3.8466,-0.046858,0.62959,3.8476,-0.16582,0.39955,3.7982,-0.16048,0.18213,3.8032,-0.12787,-0.023475,3.8736,-0.11176,-0.079116,3.9147,0.0067676,0.48027,4.075,0.16472,0.5278,4.1273,0.067895,0.56706,3.8986,0.0074556,0.60356,3.8207,-0.1467,0.0059422,3.969,-0.12481,-0.24667,4.1506,-0.17009,-0.58481,4.3286,-0.087972,-0.6404,4.2727,-0.078141,0.051697,4.1205,-0.10189,-0.21886,3.9445,-0.084143,-0.489,4.2375,-0.002664,-0.54524,4.1816,-0.10787,0.48026,3.8795,-0.10316,-0.14373,3.9494,-0.071964,-0.070048,3.9383,-0.03441,0.58063,3.7644,0.022379,0.62404,3.8108
45,-0.10712,0.032409,4.0802,-0.11062,0.2876,3.9657,-0.11006,0.54284,3.8429,-0.043796,0.63361,3.8445,-0.16414,0.40023,3.7973,-0.16105,0.18261,3.802,-0.13,-0.02386,3.8704,-0.1151,-0.074635,3.8979,0.0035942,0.47978,4.0706,0.15727,0.53181,4.1289,0.06622,0.5707,3.8977,0.0074719,0.61072,3.8167,-0.12753,0.023371,4.0008,-0.12515,-0.24817,4.1521,-0.17182,-0.56777,4.317,-0.089221,-0.62303,4.2616,-0.071125,0.048523,4.1056,-0.086827,-0.25623,4.0656,-0.075115,-0.50594,4.3755,-0.14445,-0.59361,4.3134,-0.10933,0.4802,3.877,-0.1004,-0.13427,3.9256,-0.091964,-0.065433,3.8729,-0.024118,0.59055,3.7624,0.018633,0.62384,3.805
46,-0.10645,0.033458,4.0769,-0.11062,0.2883,3.9648,-0.11088,0.54292,3.8425,-0.043606,0.63383,3.8446,-0.16129,0.40042,3.7975,-0.16068,0.18247,3.8019,-0.13119,-0.02533,3.8715,-0.11766,-0.075841,3.9036,0.0026887,0.47985,4.0701,0.15412,0.54047,4.1263,0.06487,0.57749,3.8941,0.003864,0.61257,3.8113,-0.12955,0.023669,3.9942,-0.12565,-0.24913,4.1542,-0.1703,-0.56579,4.316,-0.087226,-0.62063,4.2611,-0.072553,0.048297,4.0961,-0.089684,-0.25631,4.0643,-0.072445,-0.51131,4.3699,-0.14336,-0.60065,4.3195,-0.11014,0.48037,3.8763,-0.11151,-0.14013,3.9395,-0.093066,-0.085235,3.8894,-0.024091,0.60014,3.7584,0.015061,0.63265,3.8064
47,-0.10215,0.04014,4.0749,-0.1097,0.29075,3.9636,-0.11202,0.54284,3.8414,-0.040977,0.63703,3.8428,-0.15974,0.40035,3.7968,-0.16052,0.18092,3.8023,-0.13056,-0.026807,3.8708,-0.11694,-0.074714,3.9026,0.0014779,0.47974,4.0689,0.15159,0.54285,4.1257,0.063785,0.5798,3.8928,0.0033664,0.61313,3.8087,-0.12829,0.02628,3.9922,-0.1258,-0.24956,4.1554,-0.17037,-0.56471,4.3157,-0.086871,-0.61911,4.2613,-0.069483,0.055446,4.093,-0.028658,-0.24676,4.07,-0.040154,-0.51424,4.3654,-0.12715,-0.59018,4.3225,-0.11092,0.48068,3.8751,-0.11672,-0.13454,3.9335,-0.097046,-0.10939,3.8992,-0.013846,0.6162,3.7629,0.02534,0.60275,3.7876
48,-0.10061,0.043085,4.0733,-0.10896,0.29225,3.9628,-0.11225,0.54272,3.8411,-0.040232,0.63666,3.8435,-0.15851,0.40049,3.7967,-0.16006,0.18069,3.8023,-0.13115,-0.02704,3.8714,-0.11826,-0.075746,3.9026,0.0012182,0.4796,4.0686,0.1476,0.54653,4.1292,0.063875,0.58383,3.8949,-0.0057972,0.6134,3.8042,-0.12778,0.028641,3.9924,-0.12585,-0.25132,4.1579,-0.16859,-0.56436,4.3162,-0.08485,-0.61857,4.2621,-0.067887,0.058832,4.0868,-0.030918,-0.24333,4.0723,-0.042092,-0.51054,4.368,-0.11556,-0.59811,4.3519,-0.11108,0.48075,3.8747,-0.11145,-0.14007,3.9375,-0.092143,-0.064383,3.8802,-0.024129,0.6011,3.7644,0.0052783,0.62198,3.7846
49,-0.10106,0.043216,4.0727,-0.10933,0.2928,3.9622,-0.11326,0.54297,3.8407,-0.040213,0.63667,3.8442,-0.15703,0.40011,3.7969,-0.15359,0.1777,3.8011,-0.13098,0.0044654,3.8571,-0.12117,-0.039346,3.8843,0.00018486,0.47985,4.0681,0.1105,0.6168,4.023,0.04016,0.65218,3.7839,0.0049049,0.65228,3.771,-0.12755,0.027747,3.9841,-0.1262,-0.25798,4.1671,-0.16841,-0.56396,4.317,-0.084336,-0.61798,4.2633,-0.071235,0.059484,4.0894,-0.11353,-0.24183,4.0271,-0.087887,-0.50177,4.3281,-0.1307,-0.59954,4.3386,-0.11204,0.48113,3.874,-0.11509,-0.1082,3.9147,-0.093524,-0.026479,3.864,-0.049906,0.67668,3.6969,0.020539,0.67364,3.7705
50,-0.0090245,0.041223,4.083,-0.066108,0.29613,3.9678,-0.11343,0.54332,3.8408,-0.039631,0.63811,3.8476,-0.1567,0.40018,3.7968,-0.15265,0.17814,3.801,-0.12794,-0.014523,3.8667,-0.11229,-0.060672,3.8942,1.6871e-05,0.48019,4.0682,0.11037,0.61712,4.0231,0.039925,0.65239,3.7841,0.004634,0.65861,3.768,-0.040009,0.020295,3.9797,-0.12631,-0.25785,4.167,-0.16222,-0.58451,4.3288,-0.076033,-0.6354,4.2753,0.022089,0.061445,4.1178,-0.11583,-0.21034,4.0658,-0.089369,-0.46185,4.3736,-0.13689,-0.56596,4.3249,-0.10994,0.48195,3.8744,-0.10044,-0.12361,3.9279,-0.087712,-0.0478,3.8747,-0.049901,0.68075,3.6971,-0.038112,0.69168,3.702
51,-0.0092427,0.046295,4.0811,-0.066345,0.2971,3.9671,-0.11592,0.54335,3.8402,-0.040632,0.63722,3.8478,-0.15545,0.40096,3.797,-0.15393,0.2033,3.7954,-0.12624,0.0089475,3.8548,-0.1137,-0.041769,3.8868,-0.0024983,0.4802,4.0676,0.1103,0.6157,4.0252,0.040948,0.65294,3.7862,0.0083824,0.65712,3.7667,-0.038912,0.026005,3.9765,-0.12619,-0.2575,4.1669,-0.1644,-0.57189,4.3209,-0.077748,-0.62245,4.2682,0.020718,0.066176,4.1168,-0.11314,-0.20751,4.0667,-0.086965,-0.45951,4.3742,-0.13228,-0.56504,4.329,-0.10997,0.48207,3.8742,-0.10312,-0.10631,3.9125,-0.084641,-0.032196,3.8732,-0.046416,0.67377,3.7002,-0.0053078,0.67062,3.7815
52,-0.0090358,0.047719,4.081,-0.066576,0.2977,3.967,-0.11869,0.54383,3.8402,-0.043306,0.63795,3.8485,-0.15394,0.40159,3.7971,-0.15408,0.20623,3.7958,-0.12661,0.011506,3.8526,-0.11296,-0.03375,3.8782,-0.0052672,0.48068,4.0675,0.10851,0.61566,4.0268,0.039988,0.65404,3.7877,0.0095944,0.66095,3.7721,-0.037146,0.033873,3.99,-0.12571,-0.25708,4.1662,-0.16525,-0.56866,4.3202,-0.07806,-0.61873,4.2684,0.020307,0.067382,4.105,-0.12639,-0.19983,4.0731,-0.10623,-0.47044,4.3656,-0.14173,-0.5799,4.3256,-0.11024,0.48236,3.8742,-0.099877,-0.090852,3.9052,-0.08423,-0.018793,3.8568,-0.053911,0.68542,3.6953,-0.012602,0.65064,3.7772
53,-0.0089091,0.052802,4.0804,-0.066835,0.29896,3.967,-0.1201,0.54367,3.8409,-0.045636,0.63851,3.849,-0.15227,0.4045,3.7973,-0.1538,0.20929,3.7961,-0.12202,-0.0084072,3.8549,-0.10719,-0.044605,3.8893,-0.0066753,0.48051,4.0682,0.10649,0.61606,4.0277,0.038935,0.65523,3.7885,0.007534,0.66486,3.7739,-0.036932,0.035614,3.993,-0.12551,-0.25642,4.1661,-0.16513,-0.58583,4.3346,-0.077442,-0.63543,4.2835,0.01976,0.076597,4.0969,-0.067533,-0.21551,4.0674,-0.087003,-0.50154,4.3455,9.1583e-05,-0.55177,4.2944,-0.1104,0.48252,3.8744,-0.099785,-0.080099,3.9017,-0.084218,-0.038768,3.8668,-0.053399,0.68626,3.7075,-0.015954,0.67411,3.7781
54,-0.0093512,0.05291,4.0806,-0.066922,0.29903,3.967,-0.12027,0.54359,3.8409,-0.048414,0.64006,3.8479,-0.15174,0.4048,3.7974,-0.15376,0.21074,3.7966,-0.098562,-0.010362,3.8697,-0.092068,-0.061083,3.9011,-0.0068455,0.48043,4.0682,0.10615,0.61639,4.0294,0.039247,0.65597,3.7901,0.0040907,0.66549,3.7687,-0.0401,0.027812,3.9885,-0.12593,-0.25642,4.1664,-0.16581,-0.56873,4.3228,-0.077991,-0.6184,4.272,0.018845,0.081805,4.1035,-0.12837,-0.1837,4.036,-0.10833,-0.44931,4.3329,-0.13624,-0.55841,4.326,-0.11037,0.48252,3.8744,-0.073677,-0.12377,3.933,-0.068226,-0.047008,3.8792,-0.053505,0.68649,3.7075,-0.015951,0.66964,3.7763
55,-0.0097716,0.053603,4.0801,-0.066925,0.29936,3.9665,-0.12029,0.54337,3.8404,-0.052172,0.64148,3.8448,-0.15178,0.40528,3.7976,-0.15362,0.2119,3.7966,-0.097647,-0.0033338,3.8678,-0.087039,-0.053495,3.9,-0.0068639,0.4802,4.0677,0.10472,0.61784,4.0326,0.037749,0.65617,3.793,0.0014539,0.66766,3.7679,-0.041885,0.027811,3.9971,-0.1281,-0.25329,4.1672,-0.16354,-0.56015,4.3149,-0.075788,-0.60993,4.2639,0.019287,0.084802,4.0887,-0.13002,-0.18082,4.036,-0.10951,-0.44668,4.3327,-0.13909,-0.55796,4.3096,-0.11002,0.48249,3.8739,-0.068274,-0.10939,3.9315,-0.064349,-0.039514,3.8813,-0.055171,0.68372,3.7129,-0.019105,0.69242,3.7885
56,-0.0099332,0.057935,4.0799,-0.066711,0.30168,3.9662,-0.12031,0.54369,3.8404,-0.06306,0.64522,3.8372,-0.15216,0.40562,3.7981,-0.15166,0.21237,3.7986,-0.079421,0.0010964,3.8831,-0.077139,-0.057827,3.9121,-0.0068812,0.48052,4.0677,0.10449,0.61868,4.0355,0.039162,0.65849,3.7957,0.0024707,0.67313,3.7761,-0.042235,0.030619,4.0005,-0.12808,-0.25299,4.1674,-0.16386,-0.56025,4.3149,-0.076178,-0.61011,4.2637,0.020299,0.089055,4.0867,-0.12716,-0.17787,4.039,-0.10225,-0.44292,4.3361,-0.13341,-0.55386,4.3124,-0.10961,0.48335,3.8738,-0.0524,-0.11894,3.951,-0.05819,-0.029089,3.8973,-0.064281,0.6784,3.7118,-0.026838,0.68701,3.787
57,-0.010005,0.058508,4.0797,-0.066253,0.3034,3.9665,-0.11951,0.54609,3.8417,-0.062864,0.6483,3.8389,-0.15076,0.40752,3.7984,-0.14937,0.19771,3.8031,-0.072988,0.044229,3.8678,-0.077233,0.0016641,3.883,-0.006093,0.48291,4.069,0.10505,0.62104,4.035,0.038286,0.65924,3.7954,0.00019598,0.67407,3.7713,-0.04222,0.030639,4.0007,-0.12783,-0.25285,4.1681,-0.16388,-0.5601,4.3147,-0.076067,-0.60983,4.2638,0.020382,0.089704,4.0863,-0.12621,-0.17769,4.0381,-0.10017,-0.44119,4.3364,-0.1358,-0.55092,4.3112,-0.10818,0.48598,3.875,-0.057215,-0.058888,3.9105,-0.060283,0.030021,3.8787,-0.060873,0.67297,3.7097,-0.022578,0.68013,3.7838
58,-0.010627,0.061422,4.0787,-0.066707,0.30506,3.9669,-0.12037,0.54683,3.8433,-0.068023,0.65047,3.8386,-0.1505,0.40755,3.7987,-0.14614,0.17321,3.8136,-0.068137,-0.028099,3.8854,-0.069813,-0.069802,3.9185,-0.0069492,0.48365,4.0706,0.104,0.62192,4.0365,0.038703,0.66184,3.7967,-0.0016681,0.6745,3.773,-0.0424,0.031513,4.0004,-0.12754,-0.25283,4.1682,-0.16389,-0.56003,4.3147,-0.075852,-0.60953,4.2642,0.01996,0.092884,4.0858,-0.080697,-0.19031,3.9953,-0.081075,-0.44221,4.304,-0.12643,-0.54514,4.2984,-0.10853,0.48687,3.8761,-0.061102,-0.1058,3.9312,-0.049663,-0.067418,3.906,-0.064438,0.69529,3.7213,-0.028648,0.68883,3.7809
59,-0.098756,0.052581,4.08,-0.098486,0.30425,3.969,-0.11944,0.54749,3.844,-0.06813,0.65176,3.8395,-0.14936,0.40868,3.7985,-0.14607,0.1733,3.8136,-0.067929,-0.028391,3.8873,-0.069292,-0.0799,3.9341,-0.0060295,0.4843,4.0713,0.10411,0.6232,4.0372,0.039226,0.66328,3.7974,0.0007866,0.67766,3.7766,-0.12271,0.032097,4.0052,-0.12692,-0.25271,4.1689,-0.16223,-0.55997,4.3142,-0.076226,-0.6125,4.2635,-0.073154,0.072175,4.0863,-0.052239,-0.22442,3.9809,-0.053716,-0.48042,4.2862,0.031457,-0.53353,4.2354,-0.10912,0.48727,3.8767,-0.044462,-0.13299,3.9673,-0.049588,-0.066955,3.9065,-0.063861,0.695,3.7262,-0.028166,0.64918,3.7912
60,-0.099206,0.052036,4.0822,-0.10157,0.30432,3.9702,-0.11949,0.54844,3.8443,-0.070098,0.65371,3.8396,-0.14938,0.40943,3.7993,-0.14636,0.17535,3.8127,-0.067754,-0.028871,3.8881,-0.068895,-0.078631,3.9315,-0.0060816,0.48525,4.0715,0.10361,0.62466,4.0389,0.0378,0.6632,3.799,-0.0021664,0.67875,3.7738,-0.12253,0.031503,4.0045,-0.12675,-0.25255,4.1686,-0.1623,-0.55992,4.3141,-0.07632,-0.61255,4.2633,-0.076052,0.071845,4.1,-0.050068,-0.21937,3.9759,-0.051453,-0.47591,4.2808,-0.10622,-0.56078,4.3052,-0.11088,0.48837,3.8774,-0.047185,-0.13028,3.967,-0.048762,-0.067823,3.9085,-0.061941,0.68481,3.727,-0.030447,0.68058,3.7856
61,-0.098056,0.052808,4.0821,-0.10373,0.30503,3.9711,-0.12292,0.55018,3.848,-0.077161,0.65364,3.8373,-0.14794,0.41108,3.7989,-0.14616,0.18041,3.8114,-0.067755,-0.028791,3.8886,-0.068248,-0.078336,3.9327,-0.0095061,0.48699,4.0752,0.10277,0.62382,4.0384,0.037737,0.66498,3.7988,-0.0021792,0.68138,3.7724,-0.12001,0.03253,4.0043,-0.12634,-0.25247,4.1687,-0.16225,-0.56022,4.3145,-0.07532,-0.61184,4.2652,-0.075005,0.072877,4.0981,-0.03333,-0.22552,4.0128,-0.041768,-0.46806,4.3283,-0.10642,-0.56104,4.3206,-0.11618,0.49002,3.881,-0.047125,-0.12107,3.9615,-0.049744,-0.06649,3.9068,-0.063582,0.68781,3.7291,-0.034425,0.64259,3.7677
62,-0.10033,0.053024,4.0913,-0.10798,0.30533,3.9761,-0.1237,0.55085,3.8494,-0.078495,0.65546,3.8401,-0.14729,0.41197,3.7997,-0.14568,0.1788,3.8122,-0.067789,-0.028911,3.8895,-0.068151,-0.079545,3.938,-0.010281,0.48766,4.0766,0.099593,0.62693,4.044,0.033024,0.66458,3.8042,-0.011911,0.68002,3.7798,-0.12261,0.032359,4.014,-0.1231,-0.22316,4.1397,-0.16224,-0.57779,4.3265,-0.075287,-0.62937,4.2776,-0.076183,0.073076,4.1022,-0.032129,-0.22569,4.0214,-0.040387,-0.46779,4.3373,-0.10615,-0.56139,4.3239,-0.11817,0.49064,3.8833,-0.041865,-0.13032,3.9687,-0.043881,-0.071552,3.9165,-0.062961,0.69116,3.7337,-0.036297,0.64745,3.7862
63,-0.09834,0.050565,4.0922,-0.1077,0.30429,3.9769,-0.12308,0.55069,3.8503,-0.082971,0.65688,3.8399,-0.14755,0.41196,3.8004,-0.14561,0.17867,3.8122,-0.067929,-0.029709,3.8897,-0.066276,-0.082723,3.9345,-0.009661,0.48751,4.0776,0.098242,0.6284,4.046,0.031284,0.66447,3.8061,-0.013728,0.68069,3.7801,-0.12178,0.030112,4.0222,-0.12172,-0.25022,4.1654,-0.1623,-0.56011,4.3149,-0.075378,-0.61181,4.2658,-0.069842,0.066392,4.0954,-0.10582,-0.23228,4.0086,-0.082487,-0.49712,4.3058,0.0038271,-0.54929,4.2567,-0.11792,0.49025,3.884,-0.039957,-0.1321,3.9675,-0.048935,-0.050604,3.8905,-0.067093,0.68123,3.7273,-0.036299,0.69859,3.7848
64,-0.099068,0.05062,4.0918,-0.1081,0.30469,3.9771,-0.12181,0.55313,3.8522,-0.083534,0.65861,3.8394,-0.1472,0.41173,3.8001,-0.1456,0.17868,3.8121,-0.067993,-0.029783,3.8897,-0.073975,-0.082983,3.9314,-0.0083973,0.48994,4.0794,0.099166,0.63091,4.0463,0.030454,0.66478,3.8066,-0.012913,0.68101,3.7769,-0.12533,0.027982,4.0069,-0.12178,-0.25037,4.1658,-0.16238,-0.56009,4.315,-0.075438,-0.61179,4.266,-0.073652,0.070204,4.1041,-0.10641,-0.22373,3.9928,-0.080047,-0.48076,4.2963,0.0062713,-0.53304,4.2472,-0.11765,0.49173,3.8852,-0.046477,-0.13415,3.9763,-0.048462,-0.091317,3.9242,-0.074688,0.69621,3.7263,-0.0369,0.70273,3.7853
65,-0.098832,0.051515,4.0918,-0.10493,0.30799,3.9781,-0.10775,0.56243,3.8553,-0.086292,0.66388,3.8388,-0.14562,0.41391,3.8026,-0.1449,0.17771,3.8135,-0.068025,-0.029711,3.8922,-0.07225,-0.078864,3.9367,0.005625,0.49922,4.0825,0.085556,0.65676,4.0455,0.01241,0.66528,3.8047,-0.033133,0.67972,3.7773,-0.1239,0.031089,4.0098,-0.1215,-0.25115,4.1685,-0.16265,-0.56007,4.3156,-0.07726,-0.61342,4.2643,-0.073488,0.070911,4.1034,-0.10551,-0.22181,3.9872,-0.080647,-0.48363,4.2869,-0.14032,-0.57297,4.2973,-0.1077,0.49908,3.8878,-0.047156,-0.12117,3.9652,-0.048353,-0.074251,3.9169,-0.084805,0.68057,3.7238,-0.042374,0.67734,3.7905
66,-0.09771,0.05042,4.09,-0.10534,0.30713,3.978,-0.11258,0.55889,3.8568,-0.086242,0.66384,3.8391,-0.14643,0.4199,3.8043,-0.14476,0.17757,3.8135,-0.068037,-0.02969,3.8923,-0.076443,-0.082708,3.9319,0.00080566,0.49569,4.084,0.086502,0.65051,4.0492,0.01378,0.66429,3.8085,-0.031314,0.67884,3.7793,-0.12318,0.030808,4.01,-0.10965,-0.22578,4.1335,-0.16265,-0.56011,4.3155,-0.076726,-0.61289,4.2647,-0.071283,0.068081,4.0975,-0.097832,-0.23141,4.0096,-0.074418,-0.49133,4.3109,-0.1187,-0.58078,4.337,-0.11063,0.49666,3.8887,-0.052654,-0.13037,3.97,-0.055201,-0.077402,3.9084,-0.074667,0.68586,3.725,-0.044835,0.63225,3.7794
67,-0.097936,0.049718,4.0894,-0.1055,0.30702,3.9781,-0.11303,0.55924,3.8578,-0.086294,0.664,3.8393,-0.14666,0.41699,3.8026,-0.14466,0.17997,3.8124,-0.068466,-0.028197,3.8917,-0.078761,-0.081051,3.9316,0.00035779,0.49604,4.085,0.088804,0.64945,4.0513,0.015499,0.66417,3.8109,-0.034472,0.67842,3.7797,-0.12216,0.026819,4.001,-0.114,-0.25491,4.1693,-0.16302,-0.55997,4.3149,-0.076842,-0.6125,4.2645,-0.072925,0.068035,4.1027,-0.098638,-0.23179,4.0164,-0.074101,-0.49263,4.3169,-0.12357,-0.58778,4.3276,-0.11104,0.49684,3.8895,-0.052191,-0.13039,3.9741,-0.048485,-0.064634,3.9327,-0.079841,0.68153,3.729,-0.044698,0.63217,3.7667
68,-0.09806,0.054512,4.0876,-0.10619,0.30806,3.9771,-0.11454,0.55858,3.856,-0.084846,0.66555,3.8407,-0.14651,0.41555,3.8017,-0.14465,0.17979,3.8122,-0.071962,-0.028056,3.8893,-0.079422,-0.088199,3.9309,-0.0011475,0.49539,4.0832,0.089028,0.64814,4.0529,0.016115,0.66409,3.8124,-0.036769,0.67623,3.7821,-0.12277,0.030954,4.0002,-0.11361,-0.25536,4.1698,-0.16312,-0.55992,4.3144,-0.076709,-0.61233,4.2643,-0.072088,0.075608,4.1021,-0.088138,-0.22542,4.0186,-0.06848,-0.48869,4.3174,-0.1171,-0.58383,4.3294,-0.11223,0.49671,3.8882,-0.052692,-0.14135,3.9735,-0.061652,-0.072508,3.902,-0.082304,0.68343,3.7255,-0.041511,0.63949,3.7898
69,-0.097003,0.055267,4.0863,-0.10596,0.30832,3.9773,-0.11447,0.55861,3.8585,-0.085755,0.66517,3.8421,-0.14606,0.41581,3.8019,-0.14461,0.18006,3.812,-0.071971,-0.029394,3.8915,-0.081592,-0.086331,3.927,-0.0010784,0.49541,4.0858,0.089821,0.64749,4.0529,0.016681,0.66424,3.8126,-0.033581,0.68117,3.7785,-0.12175,0.034242,3.9953,-0.11352,-0.25637,4.1703,-0.16186,-0.56068,4.3144,-0.075209,-0.61281,4.2646,-0.070507,0.075566,4.103,-0.089754,-0.2252,4.0191,-0.069814,-0.48863,4.3177,-0.12218,-0.58371,4.3255,-0.11213,0.49685,3.8899,-0.06337,-0.13551,3.9615,-0.059653,-0.087558,3.9153,-0.08179,0.68486,3.7324,-0.04849,0.70269,3.7977
70,-0.096859,0.054786,4.0856,-0.10593,0.30835,3.9773,-0.11439,0.55912,3.8591,-0.086048,0.66584,3.8428,-0.14397,0.42589,3.8044,-0.14421,0.18582,3.8102,-0.074099,-0.028008,3.8904,-0.083879,-0.084663,3.9264,-0.0010017,0.49592,4.0864,0.089967,0.64795,4.0534,0.016648,0.66448,3.8131,-0.0379,0.6792,3.7775,-0.12094,0.033503,3.9943,-0.11348,-0.25629,4.1702,-0.16203,-0.56057,4.3144,-0.07529,-0.61272,4.2645,-0.070747,0.075252,4.1032,-0.089028,-0.22609,4.0227,-0.069469,-0.49122,4.3199,-0.12139,-0.58729,4.3261,-0.11209,0.49719,3.8904,-0.06345,-0.13568,3.9665,-0.06538,-0.10473,3.9213,-0.078079,0.68604,3.7259,-0.048335,0.71061,3.785
71,-0.096861,0.046183,4.086,-0.10641,0.30639,3.9784,-0.11525,0.55922,3.8606,-0.086719,0.66522,3.8433,-0.14392,0.42405,3.8034,-0.14394,0.18502,3.8103,-0.073773,-0.028246,3.8918,-0.084795,-0.084069,3.9273,-0.00186,0.49603,4.0879,0.089101,0.64808,4.0551,0.015617,0.66427,3.8148,-0.041066,0.67832,3.7822,-0.12278,0.023101,3.9893,-0.11367,-0.25729,4.1707,-0.16159,-0.56019,4.3144,-0.074485,-0.61202,4.265,-0.068925,0.064474,4.1127,-0.094728,-0.2348,4.0235,-0.076492,-0.50682,4.3148,-0.12751,-0.59944,4.3296,-0.11287,0.49684,3.8918,-0.063495,-0.13034,3.9695,-0.067741,-0.066276,3.9019,-0.081555,0.6834,3.7299,-0.059182,0.68505,3.7764
72,-0.096351,0.045832,4.0846,-0.1064,0.3056,3.9774,-0.11572,0.55835,3.8598,-0.086491,0.66505,3.8439,-0.14483,0.42635,3.8061,-0.14385,0.18401,3.8102,-0.075765,-0.028462,3.8892,-0.086956,-0.085854,3.9269,-0.002328,0.49516,4.0871,0.088917,0.64722,4.0561,0.015981,0.66413,3.8157,-0.040292,0.67229,3.7821,-0.12184,0.023829,3.9937,-0.10566,-0.22194,4.1327,-0.16167,-0.55994,4.3144,-0.074784,-0.61195,4.2645,-0.067585,0.063092,4.0958,-0.095632,-0.23941,4.0334,-0.07478,-0.50628,4.329,0.011439,-0.55871,4.2791,-0.11324,0.496,3.891,-0.068894,-0.14656,3.9675,-0.069041,-0.089782,3.9081,-0.084956,0.6767,3.7303,-0.047411,0.64755,3.7822
73,-0.096349,0.048516,4.0835,-0.10642,0.30676,3.9776,-0.11581,0.55939,3.8607,-0.085847,0.66654,3.8457,-0.14459,0.42645,3.8061,-0.14384,0.18971,3.8103,-0.076327,-0.025321,3.8897,-0.085739,-0.079861,3.9352,-0.0024197,0.4962,4.088,0.08938,0.64812,4.0591,0.016336,0.66475,3.8188,-0.040052,0.67716,3.7828,-0.11949,0.027709,3.9875,-0.11067,-0.25613,4.1732,-0.1621,-0.55974,4.3148,-0.075026,-0.61169,4.2651,-0.071549,0.071611,4.1054,-0.086621,-0.23128,4.0362,-0.066606,-0.49584,4.3339,-0.1162,-0.59115,4.3451,-0.11335,0.49704,3.8918,-0.063458,-0.13026,3.967,-0.059482,-0.075902,3.9364,-0.079871,0.69198,3.7308,-0.051514,0.63945,3.7698
74,-0.094943,0.054431,4.0773,-0.1067,0.30882,3.976,-0.11671,0.56011,3.8608,-0.086099,0.66691,3.8456,-0.14476,0.43034,3.807,-0.14276,0.18635,3.8099,-0.076221,-0.02848,3.8904,-0.086903,-0.087026,3.9241,-0.0033204,0.49691,4.088,0.089374,0.6486,4.0642,0.01572,0.66374,3.8239,-0.044139,0.67436,3.7816,-0.11746,0.034855,3.9909,-0.10982,-0.22223,4.1341,-0.1626,-0.55939,4.3142,-0.075365,-0.6111,4.2645,-0.070456,0.076561,4.0838,-0.087766,-0.22788,4.0453,-0.066877,-0.49192,4.3434,-0.13001,-0.58937,4.3123,-0.1141,0.4979,3.8916,-0.068658,-0.13163,3.9535,-0.06701,-0.095524,3.9114,-0.074919,0.66777,3.7369,-0.058256,0.66189,3.7613
75,-0.094707,0.055581,4.0757,-0.10667,0.3089,3.9757,-0.11693,0.55945,3.8614,-0.087881,0.6663,3.8455,-0.14446,0.43355,3.8066,-0.14277,0.18926,3.8095,-0.099629,0.017311,3.8589,-0.096545,-0.029141,3.892,-0.0035363,0.49625,4.0886,0.089282,0.64784,4.0641,0.016239,0.66428,3.8237,-0.040237,0.67753,3.7898,-0.11735,0.036515,3.9784,-0.10897,-0.22219,4.1346,-0.16162,-0.55827,4.3126,-0.074289,-0.60986,4.263,-0.069694,0.078676,4.0928,-0.09079,-0.22545,4.0417,-0.069804,-0.49073,4.3387,-0.1302,-0.58944,4.315,-0.11422,0.49761,3.8918,-0.071834,-0.098604,3.9301,-0.06106,0.00099037,3.8838,-0.081663,0.68769,3.7349,-0.053457,0.67439,3.7837
76,-0.093625,0.050701,4.0783,-0.10627,0.30793,3.9758,-0.11683,0.55938,3.861,-0.089365,0.66627,3.8445,-0.14467,0.43331,3.8063,-0.14267,0.18904,3.8095,-0.09945,0.016897,3.8594,-0.094158,-0.031861,3.8966,-0.0034347,0.49619,4.0883,0.10841,0.63053,4.1053,0.032201,0.64957,3.8662,-0.044476,0.6757,3.7927,-0.1194,0.029928,3.9903,-0.10925,-0.25983,4.177,-0.1617,-0.559,4.3145,-0.074398,-0.61063,4.2649,-0.065156,0.068498,4.0951,-0.094365,-0.23464,4.0398,-0.072807,-0.49781,4.3386,0.013813,-0.54991,4.2889,-0.11411,0.49744,3.8916,-0.077162,-0.098552,3.9281,-0.059502,-0.010736,3.8861,-0.065058,0.67123,3.7563,-0.04898,0.69207,3.781
77,-0.093189,0.051133,4.0786,-0.10288,0.30993,3.9758,-0.10849,0.56453,3.8603,-0.088379,0.67131,3.8408,-0.14806,0.44168,3.8122,-0.14236,0.19704,3.8097,-0.079062,-0.010432,3.8732,-0.082339,-0.059336,3.9097,0.0048867,0.50133,4.0875,0.10285,0.64912,4.0852,0.025034,0.65692,3.8459,-0.046707,0.67496,3.7854,-0.12005,0.040454,4.0267,-0.10953,-0.25976,4.1766,-0.16176,-0.55896,4.3145,-0.07643,-0.61248,4.2615,-0.060338,0.066724,4.0724,-0.097996,-0.2354,4.0523,-0.07723,-0.50576,4.345,0.0074472,-0.5597,4.292,-0.10736,0.50153,3.8912,-0.068356,-0.11312,3.9365,-0.051066,-0.026773,3.91,-0.075053,0.67407,3.7438,-0.061798,0.69358,3.767
78,-0.092929,0.051554,4.079,-0.10277,0.31008,3.9757,-0.10866,0.56457,3.8601,-0.086341,0.67228,3.8426,-0.14589,0.43679,3.8091,-0.14233,0.19248,3.8103,-0.091012,0.0071422,3.869,-0.088842,-0.043656,3.9044,0.0047124,0.50137,4.0873,0.059318,0.65897,4.0095,0.0075354,0.70228,3.7687,-0.017615,0.70838,3.779,-0.1178,0.039721,4.0229,-0.11793,-0.25649,4.1734,-0.1621,-0.55909,4.3148,-0.076266,-0.61217,4.2628,-0.06222,0.0678,4.0748,-0.09804,-0.23483,4.0495,-0.071024,-0.49251,4.3525,-0.12997,-0.59164,4.3326,-0.10742,0.50159,3.8911,-0.07214,-0.10669,3.9439,-0.059951,-0.02345,3.8806,-0.075436,0.70832,3.7637,-0.047151,0.68192,3.7842
79,-0.092948,0.051533,4.0792,-0.10206,0.31004,3.9764,-0.10727,0.56439,3.8615,-0.088201,0.67176,3.8425,-0.14508,0.43984,3.8101,-0.14216,0.19543,3.8101,-0.073915,-0.019534,3.8888,-0.07273,-0.077534,3.9318,0.0061019,0.50118,4.0887,0.040465,0.65556,3.9913,-0.01072,0.6832,3.763,-0.048926,0.69442,3.7679,-0.1178,0.039607,4.0229,-0.11727,-0.25659,4.1734,-0.16217,-0.55905,4.3149,-0.076455,-0.61225,4.2627,-0.062774,0.067386,4.0748,-0.0982,-0.2353,4.0492,-0.071049,-0.49307,4.3521,-0.13221,-0.59119,4.3296,-0.10617,0.50146,3.8923,-0.050808,-0.13209,3.9675,-0.050188,-0.08585,3.9195,-0.10976,0.70826,3.7101,-0.059789,0.64956,3.749
80,-0.094619,0.043965,4.0847,-0.10594,0.30449,3.9721,-0.12238,0.55557,3.8349,-0.088312,0.67276,3.8414,-0.14512,0.43989,3.8103,-0.14215,0.19546,3.8101,-0.090582,0.0063824,3.8712,-0.081208,-0.047393,3.9096,-0.0089686,0.49237,4.0622,0.0022957,0.63641,3.9423,-0.041739,0.66599,3.7219,-0.083834,0.67308,3.7468,-0.12252,0.021662,4.0132,-0.11548,-0.25655,4.1725,-0.16233,-0.55908,4.3147,-0.076701,-0.61242,4.2626,-0.065671,0.059219,4.0983,-0.13867,-0.23231,4.0087,-0.099801,-0.4999,4.3022,-0.014647,-0.55368,4.2501,-0.11749,0.49345,3.8734,-0.066631,-0.10965,3.941,-0.050335,-0.0134,3.8964,-0.11161,0.67943,3.7145,-0.11962,0.65118,3.7005
81,-0.10036,0.042941,4.0739,-0.10605,0.30437,3.971,-0.11428,0.55824,3.8456,-0.089251,0.67294,3.841,-0.14381,0.43763,3.8091,-0.13885,0.19336,3.8106,-0.079563,-0.022643,3.8931,-0.071211,-0.080352,3.938,-0.00088677,0.49504,4.0729,0.11808,0.65719,4.0406,0.079919,0.72823,3.8027,0.017609,0.7197,3.7714,-0.12662,0.024862,3.9869,-0.11505,-0.25683,4.1731,-0.16245,-0.55961,4.3159,-0.076904,-0.61307,4.2638,-0.073998,0.058146,4.0895,-0.11954,-0.24241,4.0236,-0.088209,-0.51005,4.3179,-0.15384,-0.60043,4.3166,-0.11411,0.49463,3.8771,-0.05829,-0.14719,3.9845,-0.046593,-0.080062,3.9196,-0.0076728,0.73491,3.7586,-0.005602,0.68248,3.7508
82,-0.095175,0.04705,4.078,-0.10456,0.30511,3.9713,-0.11339,0.55831,3.8462,-0.089603,0.67294,3.8408,-0.14739,0.42224,3.8059,-0.1384,0.18386,3.8121,-0.076021,-0.026925,3.8932,-0.073119,-0.080949,3.9371,-5.4437e-06,0.49511,4.0734,0.11823,0.65715,4.0403,0.031477,0.70291,3.8089,-0.012567,0.71121,3.7763,-0.11273,0.040867,4.0378,-0.11015,-0.22875,4.1415,-0.16088,-0.58252,4.3277,-0.075308,-0.63579,4.2755,-0.065371,0.062468,4.0731,-0.096917,-0.21949,3.9229,-0.073659,-0.47021,4.2319,-0.1241,-0.54997,4.2677,-0.1124,0.49508,3.8782,-0.052687,-0.13593,3.974,-0.049429,-0.067891,3.8999,-0.034367,0.71799,3.7607,-0.048231,0.68665,3.7755
83,-0.094222,0.043702,4.0823,-0.10392,0.30407,3.9723,-0.11278,0.55808,3.8469,-0.089456,0.6726,3.8411,-0.14563,0.42782,3.805,-0.13869,0.18437,3.8125,-0.074187,-0.024691,3.8896,-0.067113,-0.078618,3.9308,0.00060636,0.49489,4.0742,0.11071,0.67641,4.0107,0.02189,0.72221,3.7802,-0.0060711,0.717,3.7658,-0.11469,0.034888,4.0383,-0.11381,-0.26057,4.177,-0.16018,-0.55933,4.3146,-0.074427,-0.61274,4.2626,-0.065204,0.059053,4.0735,-0.095129,-0.22031,3.916,-0.08094,-0.49433,4.2065,0.0042247,-0.54813,4.1545,-0.11146,0.49473,3.8794,-0.047239,-0.1286,3.9711,-0.046451,-0.075025,3.9091,-0.039445,0.72093,3.7562,-0.054936,0.71385,3.766
84,-0.092466,0.054312,4.0824,-0.1029,0.30697,3.9719,-0.11241,0.55828,3.847,-0.090418,0.67267,3.8404,-0.14537,0.43769,3.8087,-0.13907,0.19352,3.8119,-0.07224,-0.022999,3.8881,-0.065601,-0.078033,3.9313,0.00097622,0.49508,4.0742,0.11431,0.66343,4.0278,-0.070778,0.65448,3.9455,-0.12917,0.67067,3.9533,-0.11422,0.043048,4.0356,-0.11427,-0.2608,4.1774,-0.16097,-0.55999,4.3159,-0.075556,-0.61377,4.2633,-0.065411,0.066699,4.0702,-0.12268,-0.16843,3.847,-0.10399,-0.44519,4.1352,-0.018972,-0.49969,4.0825,-0.11077,0.49544,3.8795,-0.047149,-0.13017,3.964,-0.041212,-0.080404,3.9162,-0.16225,0.67479,3.9437,-0.17736,0.66796,3.9534
85,-0.092451,0.054539,4.0821,-0.10279,0.30689,3.9714,-0.11215,0.55704,3.8464,-0.091007,0.67167,3.8399,-0.14499,0.43365,3.805,-0.13789,0.18969,3.8103,-0.071329,0.021354,3.8609,-0.068731,-0.028675,3.8972,0.0012362,0.49385,4.0737,0.10899,0.67529,4.0086,-0.079517,0.67625,3.912,-0.13791,0.69244,3.9198,-0.11383,0.04238,4.0272,-0.11296,-0.25895,4.1739,-0.15952,-0.55984,4.3149,-0.073875,-0.61343,4.2626,-0.066107,0.067476,4.0709,-0.12045,-0.16794,3.847,-0.099269,-0.43752,4.1416,-0.014052,-0.49189,4.0893,-0.11051,0.49482,3.8792,-0.04315,-0.094997,3.9291,-0.040294,0.0052327,3.885,-0.17097,0.6965,3.9101,-0.18605,0.68958,3.9199
86,-0.091905,0.057559,4.0806,-0.10212,0.30885,3.9706,-0.1117,0.5576,3.8466,-0.089718,0.67272,3.8413,-0.1464,0.4386,3.8078,-0.13788,0.19444,3.8104,-0.065868,-0.017272,3.894,-0.060405,-0.075898,3.9345,0.001683,0.4944,4.0738,0.10946,0.67696,4.0087,-0.078762,0.67732,3.9131,-0.13716,0.69351,3.9209,-0.11379,0.047107,4.0277,-0.11305,-0.25903,4.1741,-0.16111,-0.5615,4.3166,-0.075897,-0.61545,4.2635,-0.065893,0.069451,4.066,-0.11762,-0.17212,3.8487,-0.096845,-0.44161,4.1437,-0.01209,-0.49631,4.0906,-0.10988,0.49574,3.8792,-0.041839,-0.13595,3.9744,-0.036866,-0.072827,3.9106,-0.17021,0.69757,3.9113,-0.18506,0.68921,3.9225
87,-0.091924,0.063495,4.0761,-0.10148,0.31242,3.9686,-0.11094,0.55891,3.8467,-0.089696,0.67381,3.8407,-0.14557,0.44151,3.8104,-0.13811,0.19712,3.8105,-0.067496,-0.015707,3.8926,-0.062086,-0.076405,3.9359,0.0024461,0.49571,4.074,0.10704,0.68281,4.0043,-0.080208,0.68095,3.9111,-0.1386,0.69714,3.9189,-0.11441,0.052424,4.0236,-0.11246,-0.25848,4.1745,-0.16039,-0.56137,4.3162,-0.07532,-0.61541,4.2629,-0.066265,0.074593,4.0613,-0.042553,-0.17219,3.8445,-0.04014,-0.43806,4.1435,0.044023,-0.49289,4.0901,-0.109,0.49758,3.8791,-0.031037,-0.13083,3.9839,-0.040216,-0.081637,3.924,-0.17166,0.70119,3.9093,-0.18674,0.69426,3.9191
88,-0.092016,0.063574,4.0761,-0.1013,0.3125,3.9688,-0.10947,0.55853,3.8486,-0.089856,0.6739,3.8429,-0.14468,0.44253,3.8102,-0.13759,0.19814,3.8105,-0.068112,-0.016196,3.89,-0.062481,-0.074108,3.9349,0.0039108,0.49534,4.0759,0.10624,0.68824,4.0,-0.080829,0.68575,3.9079,-0.13923,0.70194,3.9156,-0.11433,0.050209,4.0064,-0.11251,-0.25847,4.1744,-0.16042,-0.56135,4.3162,-0.075406,-0.61534,4.263,-0.069647,0.078186,4.0794,-0.036081,-0.15072,3.8418,-0.033031,-0.41625,4.1414,0.051027,-0.4712,4.088,-0.10788,0.49746,3.8805,-0.041875,-0.13609,3.9784,-0.038525,-0.072064,3.9148,-0.17228,0.70597,3.906,-0.18736,0.69903,3.9158
89,-0.092531,0.063387,4.0775,-0.10123,0.31233,3.969,-0.10889,0.55782,3.8485,-0.091041,0.6735,3.8427,-0.14386,0.43548,3.8067,-0.13747,0.19144,3.8113,-0.066496,-0.021748,3.8923,-0.060601,-0.077656,3.9387,0.0044894,0.49462,4.0757,0.1057,0.68802,3.9994,-0.081287,0.68558,3.9075,-0.13968,0.70177,3.9153,-0.1141,0.042475,3.9672,-0.11199,-0.25849,4.1747,-0.16022,-0.56306,4.3174,-0.074926,-0.61686,4.2648,-0.074251,0.082423,4.1382,-0.039128,-0.097754,3.857,-0.033988,-0.36188,4.158,0.050353,-0.41709,4.1052,-0.10744,0.49698,3.8805,-0.036401,-0.13052,3.9744,-0.038818,-0.058881,3.9074,-0.17273,0.7058,3.9057,-0.18781,0.69886,3.9154
90,-0.092352,0.062752,4.0773,-0.10114,0.31238,3.9688,-0.10881,0.55857,3.8481,-0.091538,0.67432,3.8422,-0.14338,0.43889,3.8079,-0.13788,0.19475,3.8116,-0.06721,-0.01915,3.8912,-0.0643,-0.073878,3.9317,0.0045669,0.49537,4.0753,0.10538,0.68756,4.0002,-0.081631,0.6851,3.9085,-0.14003,0.70129,3.9163,-0.11349,0.041327,3.9747,-0.11304,-0.19732,4.1276,-0.15871,-0.55358,4.3136,-0.073515,-0.60751,4.2608,-0.068893,0.076427,4.1031,-0.035276,-0.1246,3.8379,-0.034777,-0.39181,4.1365,0.049482,-0.44683,4.0835,-0.10731,0.4975,3.8802,-0.047129,-0.12471,3.9628,-0.035977,-0.096816,3.9297,-0.17308,0.70533,3.9067,-0.18761,0.69684,3.9176
91,-0.091491,0.063719,4.0765,-0.10025,0.31333,3.9686,-0.10795,0.55938,3.8486,-0.091125,0.67496,3.8423,-0.14301,0.44065,3.8085,-0.13685,0.19651,3.8123,-0.066255,-0.017602,3.8915,-0.064714,-0.07394,3.9341,0.0054235,0.49619,4.0759,0.10551,0.69018,3.9991,-0.081479,0.68773,3.9076,-0.13987,0.70392,3.9153,-0.11248,0.057583,4.0269,-0.11079,-0.25687,4.173,-0.16095,-0.56226,4.3167,-0.075804,-0.61616,4.2638,-0.060735,0.078049,4.0508,-0.037857,-0.17567,3.8424,-0.0338,-0.43742,4.1456,0.050394,-0.49212,4.0926,-0.10637,0.49841,3.8806,-0.036406,-0.13054,3.9749,-0.039473,-0.076906,3.92,-0.17292,0.70795,3.9057,-0.18789,0.7005,3.9158
92,-0.091562,0.063994,4.0763,-0.10077,0.31361,3.9685,-0.10965,0.55953,3.8488,-0.091985,0.67504,3.8426,-0.14135,0.44379,3.8097,-0.13681,0.1995,3.8123,-0.068496,-0.016022,3.8899,-0.065911,-0.077496,3.9322,0.003726,0.49634,4.076,0.1054,0.68746,4.0037,-0.081574,0.68501,3.9124,-0.13997,0.7012,3.9202,-0.11082,0.046523,3.9508,-0.11133,-0.25723,4.173,-0.16199,-0.56178,4.3163,-0.076481,-0.61535,4.2639,-0.072277,0.086142,4.1285,-0.039363,-0.099676,3.8506,-0.038863,-0.36627,4.1503,0.045725,-0.4212,4.0977,-0.10761,0.49863,3.8807,-0.044508,-0.13312,3.9709,-0.040091,-0.081804,3.9201,-0.17302,0.70524,3.9106,-0.18722,0.69606,3.9198
93,-0.091463,0.064315,4.0783,-0.10161,0.31399,3.9686,-0.11335,0.56045,3.8467,-0.092112,0.67612,3.8421,-0.14216,0.43479,3.807,-0.1365,0.19085,3.8129,-0.06633,-0.023555,3.8916,-0.066457,-0.077646,3.9336,3.1685e-05,0.49725,4.0739,0.10565,0.68617,4.0047,-0.081318,0.68374,3.9134,-0.13971,0.69993,3.9212,-0.10978,0.045041,3.9629,-0.111,-0.25752,4.1734,-0.16112,-0.56106,4.3162,-0.075008,-0.61408,4.2649,-0.072269,0.08615,4.1285,-0.070599,-0.1679,3.9192,-0.058001,-0.43707,4.2162,0.027335,-0.49094,4.1647,-0.11028,0.49941,3.8795,-0.047235,-0.12137,3.9718,-0.037939,-0.086124,3.9258,-0.17276,0.70398,3.9116,-0.18702,0.69534,3.9201
94,-0.091434,0.064548,4.0786,-0.099622,0.31527,3.9777,-0.10439,0.56181,3.8797,-0.092395,0.66458,3.8531,-0.14172,0.43346,3.8063,-0.13596,0.18971,3.8127,-0.066759,-0.022132,3.8882,-0.06704,-0.075182,3.9317,0.008963,0.49862,4.1069,0.10655,0.68502,4.0065,-0.0804,0.68261,3.9153,-0.1388,0.6988,3.9231,-0.10869,0.049529,3.9934,-0.111,-0.25754,4.1734,-0.16137,-0.56086,4.3164,-0.074113,-0.6127,4.2668,-0.07231,0.083504,4.103,-0.10144,-0.13648,3.8548,-0.081067,-0.40794,4.1495,0.0056085,-0.46081,4.0998,-0.10372,0.50093,3.9048,-0.052529,-0.12197,3.9617,-0.046361,-0.058839,3.9001,-0.17192,0.70308,3.9148,-0.18673,0.69506,3.921
95,-0.091515,0.064837,4.0784,-0.09906,0.31618,3.9805,-0.10381,0.56256,3.8822,-0.091639,0.66416,3.8543,-0.14268,0.43783,3.8091,-0.1367,0.19358,3.8129,-0.069312,-0.022303,3.8889,-0.063835,-0.079303,3.9322,0.0095381,0.49937,4.1094,0.11622,0.66316,4.0315,-0.070735,0.66089,3.9404,-0.12913,0.67708,3.9482,-0.10891,0.049687,3.9933,-0.11088,-0.25746,4.1734,-0.16201,-0.56057,4.3161,-0.074859,-0.61261,4.2661,-0.072204,0.083517,4.1014,-0.10258,-0.13941,3.8563,-0.081865,-0.40995,4.1518,0.0046983,-0.46301,4.1017,-0.10295,0.50181,3.9081,-0.044517,-0.13313,3.9714,-0.042214,-0.043958,3.91,-0.16221,0.68119,3.9385,-0.17732,0.67434,3.9483
96,-0.091342,0.065427,4.0785,-0.098506,0.31694,3.9831,-0.10365,0.56287,3.8843,-0.091674,0.66351,3.8553,-0.14291,0.44132,3.8121,-0.13663,0.19684,3.8129,-0.069651,-0.020146,3.8882,-0.068799,-0.077633,3.9326,0.009705,0.49969,4.1116,0.11273,0.67377,4.0185,-0.074222,0.6715,3.9274,-0.13262,0.68769,3.9352,-0.10914,0.050713,3.9952,-0.11444,-0.19976,4.134,-0.16196,-0.55894,4.3157,-0.074826,-0.61109,4.2654,-0.071151,0.083823,4.0977,-0.10352,-0.14555,3.8599,-0.082795,-0.41595,4.156,0.003761,-0.46906,4.1055,-0.10262,0.50222,3.9107,-0.047193,-0.13574,3.9684,-0.041321,-0.094098,3.9268,-0.16568,0.69177,3.9256,-0.18053,0.68348,3.9367
97,-0.092752,0.067714,4.0784,-0.1,0.31895,3.9751,-0.10624,0.56362,3.8409,-0.089165,0.68056,3.8408,-0.14251,0.44254,3.8119,-0.13662,0.19794,3.8129,-0.067608,-0.018543,3.8882,-0.068793,-0.075985,3.9318,0.0071288,0.50041,4.0681,0.11536,0.66632,4.0249,-0.071597,0.66407,3.9338,-0.12999,0.68026,3.9416,-0.11317,0.054768,3.9848,-0.11488,-0.196,4.1282,-0.16264,-0.55372,4.3129,-0.078491,-0.60887,4.2585,-0.072944,0.086318,4.1039,-0.099292,-0.12676,3.8482,-0.078717,-0.39689,4.1447,0.0048212,-0.4531,4.0902,-0.10484,0.50356,3.8796,-0.044417,-0.13283,3.9624,-0.050567,-0.050111,3.8934,-0.16307,0.68436,3.9319,-0.17929,0.67923,3.9407
98,-0.092729,0.067622,4.0786,-0.099632,0.31866,3.973,-0.10602,0.56366,3.8406,-0.088086,0.68039,3.8417,-0.14177,0.44343,3.8121,-0.13571,0.19869,3.8124,-0.068151,-0.018465,3.8875,-0.067436,-0.07496,3.9292,0.0073476,0.50045,4.0679,0.11722,0.66432,4.0269,-0.069741,0.66208,3.9358,-0.12813,0.67827,3.9436,-0.11314,0.05333,3.9908,-0.11301,-0.25662,4.173,-0.16387,-0.56021,4.317,-0.079709,-0.61532,4.2626,-0.072234,0.084884,4.101,-0.10845,-0.13326,3.8517,-0.088105,-0.40829,4.1441,-0.0044877,-0.46442,4.0896,-0.10442,0.50351,3.8783,-0.047157,-0.13549,3.9739,-0.040726,-0.087771,3.9261,-0.16121,0.68238,3.934,-0.17742,0.67695,3.9426
99,-0.092616,0.06756,4.0786,-0.10024,0.31789,3.9715,-0.10779,0.56255,3.8404,-0.089979,0.67921,3.8372,-0.13811,0.43619,3.8084,-0.13493,0.1917,3.8123,-0.068689,-0.025839,3.8874,-0.066407,-0.07965,3.927,0.0055829,0.49935,4.0677,0.1143,0.67307,4.0151,-0.072653,0.67081,3.924,-0.13105,0.687,3.9318,-0.11043,0.047773,3.9749,-0.11267,-0.25684,4.173,-0.16184,-0.55972,4.3159,-0.076593,-0.61392,4.2634,-0.071616,0.086446,4.1146,-0.10511,-0.12069,3.8543,-0.085928,-0.39674,4.1462,-0.0012292,-0.45204,4.0935,-0.10597,0.50236,3.8772,-0.047061,-0.12454,3.9574,-0.047162,-0.06697,3.8982,-0.16412,0.69108,3.9222,-0.17925,0.68392,3.9325
100,-0.092214,0.066843,4.0797,-0.1007,0.31698,3.9711,-0.10957,0.56096,3.8406,-0.091189,0.67802,3.8376,-0.13959,0.42874,3.8064,-0.13479,0.19038,3.8114,-0.069052,-0.026831,3.8879,-0.066363,-0.078507,3.9303,0.0038088,0.49776,4.0679,0.11438,0.67328,4.015,-0.072575,0.67101,3.9239,-0.13097,0.6872,3.9317,-0.1095,0.046516,3.995,-0.11349,-0.25657,4.1744,-0.16173,-0.55966,4.3158,-0.076145,-0.61354,4.2638,-0.071008,0.083904,4.1077,-0.088879,-0.18208,3.9179,-0.073238,-0.45394,4.2136,0.01169,-0.50853,4.1615,-0.10736,0.50089,3.8769,-0.047032,-0.12444,3.9541,-0.0436,-0.064099,3.9086,-0.16404,0.69128,3.9221,-0.17924,0.68365,3.9332
101,-0.091362,0.066129,4.0794,-0.099388,0.31583,3.9688,-0.10842,0.56034,3.8393,-0.091373,0.67789,3.8368,-0.13982,0.43502,3.8073,-0.13469,0.19045,3.8112,-0.07039,-0.02751,3.8869,-0.06804,-0.080851,3.9313,0.0049558,0.49714,4.0666,0.11399,0.67569,4.0097,-0.072968,0.67342,3.9186,-0.13136,0.68961,3.9264,-0.10893,0.0471,3.9966,-0.11333,-0.25673,4.1743,-0.152,-0.59491,4.3316,-0.066971,-0.64895,4.2788,-0.067887,0.078417,4.0952,-0.092301,-0.19457,3.9186,-0.07745,-0.46709,4.214,0.0070332,-0.52199,4.1611,-0.10605,0.50002,3.8748,-0.047047,-0.1317,3.9558,-0.045136,-0.071853,3.9073,-0.16443,0.69368,3.9168,-0.17954,0.68678,3.9265
102,-0.091364,0.066147,4.0793,-0.099081,0.31561,3.968,-0.10755,0.5599,3.8391,-0.089303,0.67751,3.8371,-0.13957,0.4365,3.8069,-0.13359,0.1919,3.8103,-0.068211,-0.022731,3.8836,-0.067478,-0.076342,3.9257,0.0058265,0.4967,4.0664,0.11429,0.67637,4.0081,-0.072668,0.67409,3.917,-0.13106,0.69028,3.9248,-0.10946,0.047434,3.9973,-0.1133,-0.25674,4.1742,-0.16054,-0.56447,4.3188,-0.075583,-0.61886,4.2658,-0.068032,0.079322,4.0927,-0.12589,-0.14705,3.8565,-0.10363,-0.42384,4.1481,-0.01907,-0.47916,4.095,-0.10536,0.49963,3.8743,-0.047093,-0.12099,3.9591,-0.044817,-0.087671,3.9198,-0.16413,0.69435,3.9152,-0.17924,0.68745,3.925
103,-0.092041,0.064437,4.0794,-0.099316,0.31418,3.9669,-0.10719,0.559,3.8382,-0.087422,0.67647,3.8366,-0.1399,0.43748,3.8067,-0.13334,0.19289,3.8101,-0.068497,-0.021641,3.8813,-0.069722,-0.071144,3.9228,0.0061833,0.4958,4.0655,0.11557,0.67645,4.0077,-0.071392,0.67418,3.9166,-0.12979,0.69037,3.9244,-0.11241,0.043997,3.9883,-0.11387,-0.25675,4.1741,-0.16217,-0.56305,4.3177,-0.077417,-0.61765,4.2645,-0.069985,0.076642,4.1028,-0.12007,-0.13679,3.8508,-0.098388,-0.4135,4.1428,-0.014081,-0.4691,4.0894,-0.10515,0.49853,3.8732,-0.052447,-0.12447,3.9549,-0.042429,-0.062847,3.9051,-0.16286,0.69444,3.9148,-0.17808,0.68727,3.9251
104,-0.092039,0.06441,4.0793,-0.098254,0.31424,3.9663,-0.103,0.55963,3.8375,-0.07643,0.67661,3.838,-0.13852,0.43714,3.8052,-0.13457,0.19251,3.8099,-0.06833,-0.021756,3.8814,-0.070626,-0.071171,3.9219,0.010362,0.49644,4.0648,0.12497,0.66192,4.0172,-0.062008,0.65968,3.9261,-0.1204,0.67587,3.9339,-0.11238,0.043334,3.966,-0.11478,-0.25584,4.1732,-0.16261,-0.56272,4.3178,-0.078292,-0.61779,4.264,-0.070018,0.080543,4.1232,-0.11048,-0.11745,3.8554,-0.090255,-0.39366,4.1482,-0.0064562,-0.44989,4.0943,-0.10199,0.49897,3.8723,-0.052444,-0.12445,3.9544,-0.047331,-0.068445,3.8992,-0.1535,0.67998,3.9243,-0.16864,0.67313,3.9341
